40	src/modules/social-care/interface/adapter/http/social-care.http.adapter.spec.ts|lint/suspicious/noExplicitAny
25	handbook/tooling/bun/bun_docs/style.css|lint/complexity/noImportantStyles
10	src/modules/social-care/interface/adapter/http/controllers/tests/controllers.coverage.spec.ts|lint/suspicious/noExplicitAny
10	src/infrastructure/runtime/bun/sql.adapter.ts|lint/suspicious/noExplicitAny
8	src/shared/tests/unit/fn-pattern/use-case-pipeline.spec.ts|lint/suspicious/noExplicitAny
8	src/modules/social-care/interface/adapter/persistence/tests/unit/patient.mapper.spec.ts|lint/suspicious/noExplicitAny
8	src/modules/social-care/domain/entities/patient/types.ts|lint/style/useImportType
7	src/infrastructure/runtime/bun/tests/unit/sql.adapter.spec.ts|lint/suspicious/noExplicitAny
5	src/shared/result-pattern/Result.ts|lint/suspicious/noExplicitAny
4	src/modules/social-care/application/tests/unit/report-rights-violation.use-case.spec.ts|lint/suspicious/noExplicitAny
4	src/modules/social-care/application/tests/unit/register-appointment.use-case.spec.ts|lint/suspicious/noExplicitAny
4	src/modules/social-care/application/tests/unit/create-referral.use-case.spec.ts|lint/suspicious/noExplicitAny
3	src/shared/tests/unit/fn-pattern/use-case-pipeline.spec.ts|lint/correctness/useYield
3	src/shared/tests/unit/adapters/bun-event-bus.spec.ts|lint/suspicious/noExplicitAny
3	src/shared/fn-pattern/pipeline.ts|lint/suspicious/noExplicitAny
3	src/modules/social-care/domain/tests/unit/errors/ICDCode.error.spec.ts|lint/suspicious/noExplicitAny
3	src/modules/social-care/application/tests/unit/update-socioeconomic-situation.use-case.spec.ts|lint/suspicious/noExplicitAny
3	src/modules/social-care/application/tests/unit/update-housing-condition.use-case.spec.ts|lint/suspicious/noExplicitAny
3	src/modules/social-care/application/tests/unit/remove-family-member.use-case.spec.ts|lint/suspicious/noExplicitAny
3	src/modules/social-care/application/tests/unit/register-new-patient.use-case.spec.ts|lint/suspicious/noExplicitAny
3	src/modules/social-care/application/tests/unit/assign-primary-caregiver.use-case.spec.ts|lint/suspicious/noExplicitAny
3	src/modules/social-care/application/tests/unit/add-family-member.use-case.spec.ts|lint/suspicious/noExplicitAny
3	handbook/tooling/bun/bun_docs/normalize-internal-links.js|lint/complexity/useArrowFunction
2	src/shared/tests/unit/erros-pattern/DomainError.spec.ts|lint/suspicious/noExplicitAny
2	src/shared/ports/sql.port.ts|lint/suspicious/noExplicitAny
2	src/shared/ports/sql.port.ts|lint/correctness/noUnusedImports
2	src/shared/fn-pattern/use-case-pipeline.ts|lint/suspicious/noExplicitAny
2	src/shared/erros-pattern/DomainError.shortcuts.ts|lint/suspicious/noExplicitAny
2	src/shared/adapters/bun-event-bus.adapter.ts|lint/suspicious/noExplicitAny
2	src/modules/social-care/domain/tests/unit/value-objects/housingCondition.valueObject.spec.ts|lint/suspicious/noExplicitAny
2	src/modules/social-care/domain/entities/patient/types.ts|lint/correctness/noUnusedImports
2	src/modules/people-context/interface/adapter/persistence/person.persistence.adapter.ts|lint/suspicious/noExplicitAny
2	src/modules/people-context/interface/adapter/persistence/person.persistence.adapter.ts|lint/correctness/noUnusedVariables
2	handbook/tooling/bun/bun_docs/snippets/guides.jsx|lint/suspicious/noUselessEscapeInString
1	tsconfig.json|format
1	src/shared/uuid-pattern/uuid.ts|format
1	src/shared/uuid-pattern/uuid.ts|assist/source/organizeImports
1	src/shared/uuid-pattern/package.json|format
1	src/shared/tests/unit/uuid-pattern/uuid.spec.ts|format
1	src/shared/tests/unit/uuid-pattern/uuid.spec.ts|assist/source/organizeImports
1	src/shared/tests/unit/result-pattern/result.spec.ts|lint/correctness/useParseIntRadix
1	src/shared/tests/unit/result-pattern/result.spec.ts|format
1	src/shared/tests/unit/option-pattern/option.spec.ts|lint/suspicious/noGlobalIsNan
1	src/shared/tests/unit/option-pattern/option.spec.ts|lint/correctness/useParseIntRadix
1	src/shared/tests/unit/option-pattern/option.spec.ts|format
1	src/shared/tests/unit/fn-pattern/use-case-pipeline.spec.ts|format
1	src/shared/tests/unit/fn-pattern/use-case-pipeline.spec.ts|assist/source/organizeImports
1	src/shared/tests/unit/fn-pattern/types.spec.ts|format
1	src/shared/tests/unit/fn-pattern/pipeline.spec.ts|format
1	src/shared/tests/unit/fn-pattern/pipeline.spec.ts|assist/source/organizeImports
1	src/shared/tests/unit/fn-pattern/pipe.spec.ts|format
1	src/shared/tests/unit/fn-pattern/list.spec.ts|format
1	src/shared/tests/unit/fn-pattern/curry.spec.ts|format
1	src/shared/tests/unit/erros-pattern/DomainError.spec.ts|format
1	src/shared/tests/unit/aggregate-root/aggregate.spec.ts|format
1	src/shared/tests/unit/aggregate-root/aggregate-root-legacy.spec.ts|format
1	src/shared/tests/unit/adapters/bun-event-bus.spec.ts|lint/correctness/noUnusedFunctionParameters
1	src/shared/tests/unit/adapters/bun-event-bus.spec.ts|format
1	src/shared/tests/unit/adapters/bun-event-bus.spec.ts|assist/source/organizeImports
1	src/shared/tests/perf/imutable-list.hasDuplicates.perf.test.ts|lint/suspicious/noExplicitAny
1	src/shared/tests/bench/list-unique.bench.ts|format
1	src/shared/result-pattern/package.json|format
1	src/shared/result-pattern/index.ts|assist/source/organizeImports
1	src/shared/result-pattern/Result.ts|format
1	src/shared/ports/use-case.port.ts|format
1	src/shared/ports/sql.port.ts|format
1	src/shared/ports/sql.port.ts|assist/source/organizeImports
1	src/shared/ports/runtime.port.ts|format
1	src/shared/ports/notifier.port.ts|format
1	src/shared/ports/mapper.port.ts|format
1	src/shared/ports/id-provider.port.ts|format
1	src/shared/ports/event-bus.port.ts|format
1	src/shared/ports/clock.port.ts|format
1	src/shared/ports/auth.port.ts|format
1	src/shared/ports/auth.port.ts|assist/source/organizeImports
1	src/shared/option-pattern/package.json|format
1	src/shared/option-pattern/index.ts|assist/source/organizeImports
1	src/shared/option-pattern/Option.ts|format
1	src/shared/fn-pattern/use-case-pipeline.ts|format
1	src/shared/fn-pattern/use-case-pipeline.ts|assist/source/organizeImports
1	src/shared/fn-pattern/types.ts|lint/suspicious/noExplicitAny
1	src/shared/fn-pattern/pipeline.ts|lint/style/useImportType
1	src/shared/fn-pattern/pipeline.ts|lint/complexity/noUselessCatch
1	src/shared/fn-pattern/pipeline.ts|format
1	src/shared/fn-pattern/package.json|format
1	src/shared/fn-pattern/index.ts|assist/source/organizeImports
1	src/shared/erros-pattern/package.json|format
1	src/shared/erros-pattern/index.ts|format
1	src/shared/erros-pattern/DomainError.ts|format
1	src/shared/erros-pattern/DomainError.shortcuts.ts|lint/correctness/noUnusedImports
1	src/shared/erros-pattern/DomainError.shortcuts.ts|format
1	src/shared/erros-pattern/DomainError.composition.ts|lint/performance/noAccumulatingSpread
1	src/shared/erros-pattern/DomainError.composition.ts|lint/correctness/noUnusedImports
1	src/shared/erros-pattern/DomainError.composition.ts|format
1	src/shared/aggregate-root/aggregate.ts|format
1	src/shared/aggregate-root/aggregate.ts|assist/source/organizeImports
1	src/shared/aggregate-root/AggregateRoot.ts|format
1	src/shared/adapters/uuid-v7.adapter.ts|format
1	src/shared/adapters/tests/unit/auth.middleware.spec.ts|lint/suspicious/noExplicitAny
1	src/shared/adapters/tests/unit/auth.middleware.spec.ts|format
1	src/shared/adapters/system-clock.adapter.ts|format
1	src/shared/adapters/noop-notifier.adapter.ts|format
1	src/shared/adapters/logto-signature.verifier.ts|lint/correctness/noUnusedImports
1	src/shared/adapters/logto-signature.verifier.ts|format
1	src/shared/adapters/in-memory-event-bus.adapter.ts|format
1	src/shared/adapters/bun-event-bus.adapter.ts|format
1	src/shared/adapters/bun-event-bus.adapter.ts|assist/source/organizeImports
1	src/modules/social-care/interface/outbox/postgres-outbox.worker.ts|format
1	src/modules/social-care/interface/outbox/postgres-outbox.worker.ts|assist/source/organizeImports
1	src/modules/social-care/interface/outbox/postgres-outbox.repository.ts|format
1	src/modules/social-care/interface/dto/social-assessment.dto.ts|format
1	src/modules/social-care/interface/dto/enums/housing-condition.enums.ts|format
1	src/modules/social-care/interface/adapter/persistence/tests/unit/patient.mapper.spec.ts|format
1	src/modules/social-care/interface/adapter/persistence/tests/unit/patient.mapper.spec.ts|assist/source/organizeImports
1	src/modules/social-care/interface/adapter/persistence/patient.persistence.adapter.ts|lint/correctness/noUnusedVariables
1	src/modules/social-care/interface/adapter/persistence/patient.persistence.adapter.ts|format
1	src/modules/social-care/interface/adapter/persistence/patient.persistence.adapter.ts|assist/source/organizeImports
1	src/modules/social-care/interface/adapter/persistence/patient.mapper.ts|format
1	src/modules/social-care/interface/adapter/persistence/patient.mapper.ts|assist/source/organizeImports
1	src/modules/social-care/interface/adapter/http/social-care.http.adapter.ts|lint/style/useImportType
1	src/modules/social-care/interface/adapter/http/social-care.http.adapter.ts|format
1	src/modules/social-care/interface/adapter/http/social-care.http.adapter.ts|assist/source/organizeImports
1	src/modules/social-care/interface/adapter/http/social-care.http.adapter.spec.ts|format
1	src/modules/social-care/interface/adapter/http/controllers/update-socioeconomic-situation.controller.ts|format
1	src/modules/social-care/interface/adapter/http/controllers/update-socioeconomic-situation.controller.ts|assist/source/organizeImports
1	src/modules/social-care/interface/adapter/http/controllers/update-housing-condition.controller.ts|format
1	src/modules/social-care/interface/adapter/http/controllers/update-housing-condition.controller.ts|assist/source/organizeImports
1	src/modules/social-care/interface/adapter/http/controllers/tests/register-appointment.controller.spec.ts|lint/suspicious/noExplicitAny
1	src/modules/social-care/interface/adapter/http/controllers/tests/controllers.coverage.spec.ts|format
1	src/modules/social-care/interface/adapter/http/controllers/report-rights-violation.controller.ts|lint/suspicious/noExplicitAny
1	src/modules/social-care/interface/adapter/http/controllers/report-rights-violation.controller.ts|format
1	src/modules/social-care/interface/adapter/http/controllers/report-rights-violation.controller.ts|assist/source/organizeImports
1	src/modules/social-care/interface/adapter/http/controllers/remove-family-member.controller.ts|format
1	src/modules/social-care/interface/adapter/http/controllers/remove-family-member.controller.ts|assist/source/organizeImports
1	src/modules/social-care/interface/adapter/http/controllers/register-patient.controller.ts|lint/suspicious/noTsIgnore
1	src/modules/social-care/interface/adapter/http/controllers/register-patient.controller.ts|format
1	src/modules/social-care/interface/adapter/http/controllers/register-patient.controller.ts|assist/source/organizeImports
1	src/modules/social-care/interface/adapter/http/controllers/create-referral.controller.ts|format
1	src/modules/social-care/interface/adapter/http/controllers/create-referral.controller.ts|assist/source/organizeImports
1	src/modules/social-care/interface/adapter/http/controllers/add-family-member.controller.ts|format
1	src/modules/social-care/interface/adapter/http/controllers/add-family-member.controller.ts|assist/source/organizeImports
1	src/modules/social-care/interface/adapter/commands/update-socioeconomic-situation.command.adapter.ts|lint/suspicious/noExplicitAny
1	src/modules/social-care/interface/adapter/commands/update-socioeconomic-situation.command.adapter.ts|format
1	src/modules/social-care/interface/adapter/commands/update-socioeconomic-situation.command.adapter.ts|assist/source/organizeImports
1	src/modules/social-care/interface/adapter/commands/update-housing-condition.command.adapter.ts|format
1	src/modules/social-care/interface/adapter/commands/update-housing-condition.command.adapter.ts|assist/source/organizeImports
1	src/modules/social-care/interface/adapter/commands/tests/unit/command.adapters.spec.ts|lint/suspicious/noExplicitAny
1	src/modules/social-care/interface/adapter/commands/report-rights-violation.command.adapter.ts|format
1	src/modules/social-care/interface/adapter/commands/remove-family-member.command.adapter.ts|format
1	src/modules/social-care/interface/adapter/commands/register-new-patient.command.adapter.ts|format
1	src/modules/social-care/interface/adapter/commands/register-appointment.command.adapter.ts|format
1	src/modules/social-care/interface/adapter/commands/create-referral.command.adapter.ts|format
1	src/modules/social-care/interface/adapter/commands/assign-primary-caregiver.command.adapter.ts|format
1	src/modules/social-care/interface/adapter/commands/add-family-member.command.adapter.ts|format
1	src/modules/social-care/domain/value-objects/timestamp.valueObject.ts|format
1	src/modules/social-care/domain/value-objects/socioEconomicSituation.valueObject.ts|format
1	src/modules/social-care/domain/value-objects/socialHealthSummary.valueObject.ts|format
1	src/modules/social-care/domain/value-objects/personId.valueObject.ts|format
1	src/modules/social-care/domain/value-objects/icdCode.valueObject.ts|format
1	src/modules/social-care/domain/value-objects/icdCode.valueObject.ts|assist/source/organizeImports
1	src/modules/social-care/domain/value-objects/housingCondition.valueObject.ts|format
1	src/modules/social-care/domain/value-objects/communitySupportNetwork.valueObject.ts|format
1	src/modules/social-care/domain/value-objects/SocialBenefitsCollection.valueObject.ts|format
1	src/modules/social-care/domain/value-objects/SocialBenefit.valueObject.ts|lint/style/useImportType
1	src/modules/social-care/domain/value-objects/SocialBenefit.valueObject.ts|format
1	src/modules/social-care/domain/value-objects/FamilyMemberId.valueObject.ts|format
1	src/modules/social-care/domain/value-objects/Diagnosis.valueObject.ts|format
1	src/modules/social-care/domain/tests/unit/value-objects/timestamp.valueObject.spec.ts|lint/suspicious/noExplicitAny
1	src/modules/social-care/domain/tests/unit/value-objects/timestamp.valueObject.spec.ts|format
1	src/modules/social-care/domain/tests/unit/value-objects/timestamp.valueObject.spec.ts|assist/source/organizeImports
1	src/modules/social-care/domain/tests/unit/value-objects/socioEconomicSituation.valueObject.spec.ts|format
1	src/modules/social-care/domain/tests/unit/value-objects/socioEconomicSituation.valueObject.spec.ts|assist/source/organizeImports
1	src/modules/social-care/domain/tests/unit/value-objects/socialHealthSummary.valueObject.spec.ts|format
1	src/modules/social-care/domain/tests/unit/value-objects/socialHealthSummary.valueObject.spec.ts|assist/source/organizeImports
1	src/modules/social-care/domain/tests/unit/value-objects/socialBenefits.valueObject.spec.ts|format
1	src/modules/social-care/domain/tests/unit/value-objects/socialBenefits.valueObject.spec.ts|assist/source/organizeImports
1	src/modules/social-care/domain/tests/unit/value-objects/icdCode.valueObject.spec.ts|format
1	src/modules/social-care/domain/tests/unit/value-objects/icdCode.valueObject.spec.ts|assist/source/organizeImports
1	src/modules/social-care/domain/tests/unit/value-objects/housingCondition.valueObject.spec.ts|format
1	src/modules/social-care/domain/tests/unit/value-objects/housingCondition.valueObject.spec.ts|assist/source/organizeImports
1	src/modules/social-care/domain/tests/unit/value-objects/communitySupportNetwork.valueObject.spec.ts|format
1	src/modules/social-care/domain/tests/unit/value-objects/communitySupportNetwork.valueObject.spec.ts|assist/source/organizeImports
1	src/modules/social-care/domain/tests/unit/value-objects/SocialBenefitsCollection.valueObject.spec.ts|format
1	src/modules/social-care/domain/tests/unit/value-objects/SocialBenefitsCollection.valueObject.spec.ts|assist/source/organizeImports
1	src/modules/social-care/domain/tests/unit/value-objects/PersonId.valueObject.spec.ts|format
1	src/modules/social-care/domain/tests/unit/value-objects/PersonId.valueObject.spec.ts|assist/source/organizeImports
1	src/modules/social-care/domain/tests/unit/value-objects/FamilyMemberId.valueObject.spec.ts|format
1	src/modules/social-care/domain/tests/unit/value-objects/FamilyMemberId.valueObject.spec.ts|assist/source/organizeImports
1	src/modules/social-care/domain/tests/unit/value-objects/Diagnosis.valueObject.spec.ts|format
1	src/modules/social-care/domain/tests/unit/value-objects/Diagnosis.valueObject.spec.ts|assist/source/organizeImports
1	src/modules/social-care/domain/tests/unit/events/patient-events.spec.ts|format
1	src/modules/social-care/domain/tests/unit/errors/SocialBenefit.error.spec.ts|format
1	src/modules/social-care/domain/tests/unit/errors/Patient.error.spec.ts|format
1	src/modules/social-care/domain/tests/unit/errors/ICDCode.error.spec.ts|format
1	src/modules/social-care/domain/tests/unit/entities/social-care-appointment.entity.spec.ts|lint/suspicious/noExplicitAny
1	src/modules/social-care/domain/tests/unit/entities/social-care-appointment.entity.spec.ts|format
1	src/modules/social-care/domain/tests/unit/entities/social-care-appointment.entity.spec.ts|assist/source/organizeImports
1	src/modules/social-care/domain/tests/unit/entities/rights-violation-report.entity.spec.ts|format
1	src/modules/social-care/domain/tests/unit/entities/rights-violation-report.entity.spec.ts|assist/source/organizeImports
1	src/modules/social-care/domain/tests/unit/entities/referral.entity.spec.ts|lint/suspicious/noExplicitAny
1	src/modules/social-care/domain/tests/unit/entities/referral.entity.spec.ts|format
1	src/modules/social-care/domain/tests/unit/entities/referral.entity.spec.ts|assist/source/organizeImports
1	src/modules/social-care/domain/tests/unit/entities/patient.aggregate.spec.ts|format
1	src/modules/social-care/domain/tests/unit/entities/patient.aggregate.spec.ts|assist/source/organizeImports
1	src/modules/social-care/domain/tests/unit/entities/patient.activities.spec.ts|format
1	src/modules/social-care/domain/tests/unit/entities/patient.activities.spec.ts|assist/source/organizeImports
1	src/modules/social-care/domain/tests/unit/entities/family-member.entity.spec.ts|lint/suspicious/noExplicitAny
1	src/modules/social-care/domain/tests/unit/entities/family-member.entity.spec.ts|format
1	src/modules/social-care/domain/tests/unit/entities/family-member.entity.spec.ts|assist/source/organizeImports
1	src/modules/social-care/domain/tests/unit/entities/Patient.entity.spec.ts|lint/correctness/noUnusedImports
1	src/modules/social-care/domain/tests/unit/entities/Patient.entity.spec.ts|format
1	src/modules/social-care/domain/tests/unit/entities/Patient.entity.spec.ts|assist/source/organizeImports
1	src/modules/social-care/domain/repository/patient.repository.port.ts|format
1	src/modules/social-care/domain/repository/patient.repository.port.ts|assist/source/organizeImports
1	src/modules/social-care/domain/events/social-care-appointment-registered.event.ts|format
1	src/modules/social-care/domain/events/social-care-appointment-registered.event.ts|assist/source/organizeImports
1	src/modules/social-care/domain/events/rights-violation-reported.event.ts|format
1	src/modules/social-care/domain/events/rights-violation-reported.event.ts|assist/source/organizeImports
1	src/modules/social-care/domain/events/referral-created.event.ts|format
1	src/modules/social-care/domain/events/referral-created.event.ts|assist/source/organizeImports
1	src/modules/social-care/domain/events/patient-created.event.ts|format
1	src/modules/social-care/domain/events/patient-created.event.ts|assist/source/organizeImports
1	src/modules/social-care/domain/events/family-member-added.event.ts|format
1	src/modules/social-care/domain/events/family-member-added.event.ts|assist/source/organizeImports
1	src/modules/social-care/domain/events/factory.ts|format
1	src/modules/social-care/domain/events/factory.ts|assist/source/organizeImports
1	src/modules/social-care/domain/errors/index.ts|format
1	src/modules/social-care/domain/errors/Timestamp.error.ts|format
1	src/modules/social-care/domain/errors/SocioEconomicSituation.error.ts|format
1	src/modules/social-care/domain/errors/SocialHealthSummary.error.ts|format
1	src/modules/social-care/domain/errors/SocialCareAppointment.error.ts|format
1	src/modules/social-care/domain/errors/SocialBenefitsCollection.error.ts|format
1	src/modules/social-care/domain/errors/SocialBenefit.error.ts|format
1	src/modules/social-care/domain/errors/RightsViolationReport.error.ts|format
1	src/modules/social-care/domain/errors/Referral.error.ts|format
1	src/modules/social-care/domain/errors/PersonId.error.ts|format
1	src/modules/social-care/domain/errors/Patient.error.ts|format
1	src/modules/social-care/domain/errors/ICDCode.error.ts|format
1	src/modules/social-care/domain/errors/HousingCondition.error.ts|format
1	src/modules/social-care/domain/errors/FamilyMemberId.error.ts|format
1	src/modules/social-care/domain/errors/FamilyMember.error.ts|format
1	src/modules/social-care/domain/errors/Diagnosis.error.ts|format
1	src/modules/social-care/domain/errors/CommunitySupportNetwork.error.ts|format
1	src/modules/social-care/domain/entities/patient/types.ts|format
1	src/modules/social-care/domain/entities/patient/types.ts|assist/source/organizeImports
1	src/modules/social-care/domain/entities/patient/index.ts|format
1	src/modules/social-care/domain/entities/patient/index.ts|assist/source/organizeImports
1	src/modules/social-care/domain/entities/patient/family.ts|format
1	src/modules/social-care/domain/entities/patient/family.ts|assist/source/organizeImports
1	src/modules/social-care/domain/entities/patient/core.ts|format
1	src/modules/social-care/domain/entities/patient/core.ts|assist/source/organizeImports
1	src/modules/social-care/domain/entities/patient/assessments.ts|format
1	src/modules/social-care/domain/entities/patient/assessments.ts|assist/source/organizeImports
1	src/modules/social-care/domain/entities/patient/activities.ts|lint/style/useImportType
1	src/modules/social-care/domain/entities/patient/activities.ts|format
1	src/modules/social-care/domain/entities/patient/activities.ts|assist/source/organizeImports
1	src/modules/social-care/domain/entities/index.ts|format
1	src/modules/social-care/domain/entities/SocialCareAppointment.entity.ts|format
1	src/modules/social-care/domain/entities/RightsViolationReport.entity.ts|format
1	src/modules/social-care/domain/entities/Referral.entity.ts|format
1	src/modules/social-care/domain/entities/FamilyMember.entity.ts|format
1	src/modules/social-care/application/use-cases/update-socioeconomic-situation.use-case.ts|format
1	src/modules/social-care/application/use-cases/update-socioeconomic-situation.use-case.ts|assist/source/organizeImports
1	src/modules/social-care/application/use-cases/update-housing-condition.use-case.ts|lint/correctness/noUnusedImports
1	src/modules/social-care/application/use-cases/update-housing-condition.use-case.ts|format
1	src/modules/social-care/application/use-cases/update-housing-condition.use-case.ts|assist/source/organizeImports
1	src/modules/social-care/application/use-cases/remove-family-member.use-case.ts|lint/correctness/noUnusedImports
1	src/modules/social-care/application/use-cases/remove-family-member.use-case.ts|format
1	src/modules/social-care/application/use-cases/remove-family-member.use-case.ts|assist/source/organizeImports
1	src/modules/social-care/application/use-cases/assign-primary-caregiver.use-case.ts|lint/correctness/noUnusedImports
1	src/modules/social-care/application/use-cases/assign-primary-caregiver.use-case.ts|format
1	src/modules/social-care/application/use-cases/assign-primary-caregiver.use-case.ts|assist/source/organizeImports
1	src/modules/social-care/application/tests/unit/update-socioeconomic-situation.use-case.spec.ts|format
1	src/modules/social-care/application/tests/unit/update-socioeconomic-situation.use-case.spec.ts|assist/source/organizeImports
1	src/modules/social-care/application/tests/unit/update-housing-condition.use-case.spec.ts|format
1	src/modules/social-care/application/tests/unit/update-housing-condition.use-case.spec.ts|assist/source/organizeImports
1	src/modules/social-care/application/tests/unit/report-rights-violation.use-case.spec.ts|format
1	src/modules/social-care/application/tests/unit/report-rights-violation.use-case.spec.ts|assist/source/organizeImports
1	src/modules/social-care/application/tests/unit/remove-family-member.use-case.spec.ts|format
1	src/modules/social-care/application/tests/unit/remove-family-member.use-case.spec.ts|assist/source/organizeImports
1	src/modules/social-care/application/tests/unit/register-new-patient.use-case.spec.ts|format
1	src/modules/social-care/application/tests/unit/register-new-patient.use-case.spec.ts|assist/source/organizeImports
1	src/modules/social-care/application/tests/unit/register-appointment.use-case.spec.ts|lint/correctness/noUnusedImports
1	src/modules/social-care/application/tests/unit/register-appointment.use-case.spec.ts|format
1	src/modules/social-care/application/tests/unit/register-appointment.use-case.spec.ts|assist/source/organizeImports
1	src/modules/social-care/application/tests/unit/create-referral.use-case.spec.ts|format
1	src/modules/social-care/application/tests/unit/create-referral.use-case.spec.ts|assist/source/organizeImports
1	src/modules/social-care/application/tests/unit/assign-primary-caregiver.use-case.spec.ts|format
1	src/modules/social-care/application/tests/unit/assign-primary-caregiver.use-case.spec.ts|assist/source/organizeImports
1	src/modules/social-care/application/tests/unit/add-family-member.use-case.spec.ts|format
1	src/modules/social-care/application/tests/unit/add-family-member.use-case.spec.ts|assist/source/organizeImports
1	src/modules/social-care/application/ports/commands/update-socioeconomic-situation.command.ts|format
1	src/modules/social-care/application/ports/commands/update-housing-condition.command.ts|format
1	src/modules/social-care/application/ports/commands/report-rights-violation.command.ts|format
1	src/modules/social-care/application/ports/commands/remove-family-member.command.ts|format
1	src/modules/social-care/application/ports/commands/register-new-patient.command.ts|format
1	src/modules/social-care/application/ports/commands/register-appointment.command.ts|format
1	src/modules/social-care/application/ports/commands/create-referral.command.ts|format
1	src/modules/social-care/application/ports/commands/assign-primary-caregiver.command.ts|format
1	src/modules/social-care/application/ports/commands/add-family-member.command.ts|format
1	src/modules/social-care/application/errors/command.error.ts|format
1	src/modules/social-care/application/errors/application.error.ts|format
1	src/modules/people-context/interface/adapter/persistence/person.persistence.adapter.ts|format
1	src/modules/people-context/interface/adapter/persistence/person.persistence.adapter.ts|assist/source/organizeImports
1	src/modules/people-context/interface/adapter/http/webhooks/logto.webhook.ts|format
1	src/modules/people-context/interface/adapter/http/webhooks/logto.webhook.ts|assist/source/organizeImports
1	src/modules/people-context/domain/repository/person.repository.port.ts|format
1	src/modules/people-context/domain/repository/person.repository.port.ts|assist/source/organizeImports
1	src/modules/people-context/domain/entities/person.ts|format
1	src/modules/people-context/domain/entities/person.ts|assist/source/organizeImports
1	src/modules/people-context/application/use-cases/register-person-from-logto.use-case.ts|lint/correctness/useYield
1	src/modules/people-context/application/use-cases/register-person-from-logto.use-case.ts|format
1	src/modules/people-context/application/use-cases/register-person-from-logto.use-case.ts|assist/source/organizeImports
1	src/modules/people-context/application/ports/commands/register-person-from-logto.command.ts|format
1	src/infrastructure/runtime/bun/tests/unit/sql.adapter.spec.ts|format
1	src/infrastructure/runtime/bun/sql.adapter.ts|lint/correctness/noUnusedFunctionParameters
1	src/infrastructure/runtime/bun/sql.adapter.ts|format
1	src/infrastructure/runtime/bun/sql.adapter.ts|assist/source/organizeImports
1	src/infrastructure/runtime/bun/runtime.adapter.ts|format
1	src/infrastructure/runtime/bun/index.ts|format
1	src/infrastructure/auth/logto/types/logto.types.ts|format
1	src/infrastructure/auth/logto/management.client.ts|lint/correctness/noUnusedImports
1	src/infrastructure/auth/logto/management.client.ts|format
1	src/index.ts|format
1	handbook/tooling/bun/bun_docs/style.css|format
1	handbook/tooling/bun/bun_docs/snippets/guides.jsx|format
1	handbook/tooling/bun/bun_docs/normalize-internal-links.js|format
1	handbook/tooling/bun/bun_docs/docs.json|format
1	handbook/tooling/Hono/examples/menu.data.ts|format
1	SOCIAL_CARE/bruno.json|format
1	.vscode/settings.json|format
1	.vscode/launch.json|format
